ID	Description	GeneRatio	BgRatio	pvalue	p.adjust	qvalue	geneID	Count
XIAP subgraph	XIAP subgraph	1/2	7/829	0.0168266289050888	0.0324120207688676	0.0113726388662693	CASP7	1
T cells signaling	T cells signaling	1/2	9/829	0.0216080138459117	0.0324120207688676	0.0113726388662693	PDCD1	1
