ID	Description	GeneRatio	BgRatio	pvalue	p.adjust	qvalue	geneID	Count
Chaperone subgraph	Chaperone subgraph	1/2	8/829	0.0192187782264878	0.039566615968252	0.0138830231467551	HSPB6	1
Chemokine signaling subgraph	Chemokine signaling subgraph	1/2	11/829	0.0263777439788346	0.039566615968252	0.0138830231467551	CXCL8	1
